LoC,Functions,Loops,Complexity,Target
37.454014,95.07143,73.199394,59.86585,504.90968363342864
15.601865,15.599452,5.808361,86.617615,309.13116895135613
60.1115,70.80726,2.0584493,96.99098,462.69837905501504
83.24426,21.233912,18.182497,18.34045,168.66456125905663
30.424225,52.475643,43.194504,29.122913,270.02843150554565
61.185287,13.949387,29.214466,36.636185,208.74867784168427
45.607,78.5176,19.967379,51.423443,358.2882757701632
59.241455,4.6450415,60.754482,17.052412,172.44062403264766
6.5051594,94.88856,96.5632,80.83974,578.4440582250153
30.461376,9.767211,68.4233,44.01525,270.23606823085066
12.203824,49.517693,3.438852,90.932045,382.6085869721912
25.877996,66.25223,31.171108,52.006805,346.14068537979443
54.671024,18.485447,96.958466,77.51328,437.5552052433911
93.9499,89.482735,59.789997,92.18742,595.2289140638936
8.849251,19.598286,4.522729,32.53303,141.418719672728
38.86773,27.134905,82.87375,35.67533,308.92042277234236
28.09345,54.269608,14.092423,80.219696,379.37258189755386
7.4550643,98.68869,77.22447,19.871569,372.79415926245355
0.5522117,81.54614,70.68573,72.90072,480.7651951406716
77.12704,7.404465,35.846573,11.586906,139.39601966107963
86.31035,62.32981,33.0898,6.355835,241.39356058340553
31.098232,32.518333,72.96062,63.755745,383.87208575471976
88.721275,47.221493,11.959425,71.32448,375.60829708357767
76.07851,56.12772,77.09672,49.37956,416.6891429054509
52.273285,42.7541,2.5419128,10.789143,142.3067851346919
3.1429186,63.64104,31.435596,50.857067,326.9241788783622
90.756645,24.929222,41.038292,75.555115,379.5585380458189
22.879816,7.6979914,28.975143,16.122128,125.31786780632801
92.969765,80.812035,63.340378,87.146065,558.573796025681
80.36721,18.657007,89.2559,53.934223,377.6526315133518
80.74402,89.60913,31.800348,11.005192,304.77113531734074
22.793516,42.710777,81.801476,86.07306,486.8877860671742
0.6952131,51.07473,41.7411,22.210781,229.69262538646188
11.986537,33.761517,94.29097,32.320293,315.47524605180706
51.87906,70.301895,36.36296,97.17821,524.0306346709755
96.24473,25.17823,49.72485,30.087831,260.24138145908154
28.484049,3.688695,60.95643,50.267906,256.1825868482757
5.1478753,27.864647,90.82659,23.956188,257.01163195936743
14.489487,48.945274,98.56505,24.205526,329.1629864138379
67.213554,76.161964,23.763756,72.82163,430.62550872533205
36.778313,63.23058,63.352974,53.57747,398.75058735249786
9.028977,83.53025,32.078007,18.65185,277.83411842542915
4.077514,59.0893,67.75644,1.658783,227.75424682477458
51.209305,22.649578,64.51728,17.436644,222.1168788619365
69.09377,38.673534,93.673,13.752094,294.7711782829105
34.106636,11.347352,92.46937,87.73393,448.0481681778951
25.794163,65.998405,81.72222,55.52008,429.2758631646654
52.965057,24.185228,9.310277,89.72158,354.59817860458236
90.0418,63.310146,33.902977,34.92096,323.3952476955209
72.595566,89.71103,88.70865,77.98755,586.8964424577506
64.20317,8.413997,16.16287,89.85542,347.2421662818191
60.642902,0.91970515,10.147154,66.350174,248.68824024405347
0.5061584,16.080805,54.87338,69.18952,328.21080329538717
65.19613,22.426931,71.217926,23.724909,249.56334790921184
32.53997,74.64914,64.96329,84.92234,526.1163939952556
65.76129,56.83086,9.367477,36.77158,278.5245183038738
26.520237,24.398964,97.301056,39.309772,329.6170748299787
89.20466,63.11386,79.48113,50.26371,449.7518595340897
57.690388,49.251766,19.524298,72.24521,365.0876725358299
28.077236,2.4315965,64.547226,17.711067,166.2336095384133
94.04586,95.39286,91.486435,37.01587,482.4093896790121
1.5456617,92.831856,42.818417,96.66548,544.2680411500368
96.36199,85.30095,29.44489,38.509773,373.2288495246455
85.11367,31.692202,16.949276,55.680126,302.19299332481245
93.61548,69.60298,57.006115,9.717649,307.5284924875617
61.50072,99.00539,14.008401,51.83297,408.74865854338873
87.73731,74.07686,69.70158,70.248405,508.73870140737
35.949116,29.359186,80.93612,81.01134,436.19173681112125
86.70724,91.32406,51.13424,50.151627,448.9237041537482
79.82952,64.99639,70.196686,79.57927,520.1884631788271
89.000534,33.79952,37.558296,9.398193,200.5280774169876
57.828014,3.5942276,46.559803,54.26446,268.54043707108104
28.654125,59.083324,3.050025,3.734819,146.18366088933462
82.260056,36.019062,12.706052,52.224327,278.7711681539744
76.99935,21.582104,62.289047,8.534746,195.34742858040593
5.168172,53.13546,54.06351,63.74299,390.73635568960486
72.60913,97.585205,51.63003,32.295647,399.4046679457689
79.51862,27.083223,43.897144,7.845638,184.25577923305852
2.5350745,96.26484,83.598015,69.59742,533.0236700612885
40.895294,17.329432,15.643703,25.024288,147.37031463850417
54.922665,71.459595,66.01974,27.99339,354.31384168054603
95.48653,73.78969,55.435406,61.172073,466.68152104692825
41.960007,24.773098,35.597267,75.784615,351.3384365509425
1.4393489,11.607264,4.600264,4.0728803,57.3952531933729
85.54606,70.36578,47.417385,9.783416,275.6378997017028
49.161587,47.347176,17.320187,43.385166,280.70459235645063
39.85047,61.58501,63.50936,4.530401,251.08649180129893
37.46126,62.58599,50.31363,85.64899,480.17963861598025
65.86936,16.293442,7.0568748,64.24193,271.0391773600587
2.651131,58.577557,94.023026,57.54742,428.49172023515314
38.81699,64.32882,45.825287,54.56168,381.6340871869061
94.14648,38.610264,96.11906,90.535065,530.7880073914461
19.579115,6.93613,10.0778,1.8221825,47.26130128459525
9.444296,68.300674,7.118865,31.897562,249.18528085534325
84.48753,2.3271935,81.44685,28.185478,256.818178772903
11.816483,69.67371,62.894283,87.74721,508.12933674262325
73.5071,80.34809,28.203457,17.743954,294.82488508972045
75.06148,80.68348,99.050514,41.26177,471.99923616149135
37.20181,77.6413,34.080353,93.07574,499.82585948856854
85.84128,42.899403,75.087105,75.45429,464.1518783594891
10.3123865,90.25529,50.525238,82.645744,515.3255188040116
32.004963,89.55232,38.920166,1.0837651,263.92035500704554
90.5382,9.128668,31.931364,95.006195,395.25149493758033
95.060715,57.34379,63.18372,44.84455,391.7571743807976
29.321077,32.866455,67.25185,75.23745,402.46050966799993
79.157906,78.961815,9.12061,49.442028,365.37336674586845
5.755876,54.95289,44.15305,88.77042,448.6516385618183
35.091503,11.706701,14.299168,76.15106,300.56717116669375
61.821808,10.1122675,8.410681,70.09692,269.65059042464816
7.2763004,82.186005,70.62422,8.134878,296.4610957588152
8.483771,98.663956,37.42708,37.064217,370.0603057845029
81.27996,94.72486,98.600105,75.33782,607.2358046222226
37.62596,8.350071,77.71469,55.840427,318.52810712476185
42.422203,90.63544,11.119748,49.262512,362.58435226257524
1.1353644,46.866066,5.630327,11.881792,142.7977236797741
11.7526245,64.92103,74.604485,58.336876,426.2414190002279
96.217255,37.487057,28.571209,86.85991,421.93788608897825
22.359585,96.32226,1.2154474,96.987885,503.3883590250587
4.3159914,89.11431,52.770107,99.29648,563.2822069248892
7.3796563,55.38543,96.93025,52.309788,417.4569439120202
62.939865,69.57487,45.454105,62.755806,427.46622661656767
58.431427,90.11581,4.544638,28.096317,303.3235115118295
95.04115,89.02638,45.565678,62.013264,475.6531240530156
27.738117,18.812115,46.369843,35.33522,227.2038683333204
58.365612,7.7734632,97.43948,98.62108,475.9902795425791
69.81617,53.60964,30.95276,81.3795,437.07728555173344
68.47312,16.261694,91.09272,82.25372,442.35275117294697
94.97999,72.57195,61.34152,41.824306,417.63617873198876
93.27285,86.60639,4.521867,2.6366975,232.89149852919118
37.646336,81.05533,98.727615,15.04169,373.09199468018784
59.41307,38.089085,96.99144,84.21189,500.86886831137434
83.83287,46.869316,41.481953,27.340708,278.4599215971865
5.6375494,86.47224,81.2901,99.97176,604.7063041866777
99.66368,55.54317,76.89874,94.47658,547.2570016391996
84.96474,24.73481,45.054417,12.915942,204.6662600359097
95.405106,60.617466,22.86428,67.17007,406.4341969953523
61.812824,35.816273,11.35576,67.157326,315.0094779423545
52.030773,77.231834,52.016346,85.21815,508.78145805428505
55.19068,56.0938,87.66536,40.348286,400.70783183525975
13.401524,2.8782678,75.513725,62.030952,307.0932358639582
70.407974,21.296415,13.637148,1.4544666,96.84918372631708
35.058754,58.991768,39.224403,43.747494,331.2785526922924
90.41587,34.825546,51.398952,78.3653,428.7461091079921
39.654278,62.20867,86.23637,94.952065,553.7655723126305
14.707348,92.65877,49.21163,25.82444,345.0450999746793
45.913578,98.00326,49.26181,32.875164,386.35274292945485
63.340084,24.014563,7.5863333,12.887973,135.24669122062866
12.8045845,15.190269,13.882717,64.08747,255.17617855483442
18.18801,34.566727,89.67884,47.396164,357.5942350956722
66.75577,17.231987,19.228903,4.0868616,110.75410608748508
16.893505,27.859035,17.70105,8.870254,126.13310432062593
12.063587,46.077877,20.633371,36.426987,238.41699547971456
50.341724,69.03948,3.9312139,79.94104,403.06041697055224
62.790035,8.175903,87.357864,92.08724,457.2927186852553
6.107796,27.687763,80.620125,74.825966,414.26772914416995
18.452103,20.934933,37.04721,48.4523,246.94983839832855
61.825478,36.891365,46.25347,74.74709,396.5096112153582
3.6683202,25.243694,71.33496,89.52068,429.96827755378854
51.167744,53.21135,10.717201,44.741238,282.03656706356503
53.261726,24.247051,26.924324,37.728416,223.7851831479181
2.0071197,32.207916,21.144802,32.749737,200.9950925038086
11.976213,89.052734,59.359245,67.91023,488.4633627897738
78.91712,49.84422,8.692029,53.71065,314.29767389668206
58.684113,74.543945,43.165955,12.75803,276.93263096342935
28.37759,36.308228,64.59172,57.07783,347.1815279411389
35.609673,98.65152,60.57748,23.72268,378.43203078501216
10.178247,15.285913,24.595774,16.068136,126.27840466091723
18.656702,28.509516,17.33736,89.676544,363.7588953731019
8.023375,52.45114,41.03968,98.23786,465.175053549312
11.20389,39.78556,96.947044,86.55071,487.2993997976941
81.70721,25.790283,17.088758,66.86433,313.19946015672207
92.9376,55.67629,57.16127,27.997908,331.7307634675619
76.949295,18.704374,32.367924,42.543644,256.63508125145916
50.76104,24.240974,11.483683,61.062004,266.5453378829526
28.863054,58.12382,15.436271,48.11401,306.12479303543466
53.25894,5.182354,33.660427,13.441467,130.67957546482157
6.337497,98.996025,32.235382,80.98745,499.4742000323696
25.464067,68.15027,76.02279,59.563873,435.04772307398065
47.15762,41.18409,34.88683,92.95291,430.30683503346967
83.06194,96.50269,12.429723,73.08675,471.6963155605385
93.834045,18.123306,6.6496267,74.11206,317.9881652985385
57.447315,84.18288,13.977237,79.526726,465.6172411263536
20.162731,16.365593,16.42658,81.45747,315.3552541882163
66.51972,52.306545,35.88305,87.720055,453.64429014914293
39.24451,81.65994,43.91349,37.694443,356.7638448796393
46.26798,30.137787,74.76094,50.27204,352.5171293284395
23.22127,89.95746,38.389122,54.355286,407.35158273452765
90.64721,62.4238,11.689804,93.983215,477.79789086956475
62.77081,33.490562,13.927208,79.40252,356.0429815371237
62.00728,53.346107,89.38926,78.859726,516.3118581169955
15.167488,31.172207,24.848915,74.39463,333.78009346201515
3.3532434,56.988968,76.245865,87.67656,492.36806210356895
34.208176,82.12573,11.063173,84.64523,449.2890349865725
12.748866,39.72873,79.72954,14.991742,248.69688883592585
22.92514,72.22526,72.003654,64.11476,458.4044313622668
69.394844,54.27244,25.179905,34.5696,285.1067602642917
18.159771,90.845055,58.33918,40.085144,395.5651226471565
46.20058,94.72833,15.335139,58.622986,410.6004928507556
50.58887,61.145424,1.8110183,87.21239,412.3318499923457
93.21183,56.513317,69.66508,92.24994,530.2363344107384
70.72386,15.253904,57.628834,60.6715,336.618355222381
42.413067,73.644424,93.4367,92.556854,581.4223777631347
45.08394,11.323805,98.48412,83.88981,438.8185430620963
12.466269,92.08419,86.98963,51.883804,468.1006622976496
59.127544,39.90027,5.476164,33.519726,209.16826334073866
80.28535,0.46320233,33.349915,39.816868,203.76731814850106
53.73956,91.98556,34.634598,34.69532,363.3336488739569
73.75013,45.221794,22.460484,45.24395,306.50750662513286
14.085703,17.638699,49.836777,41.892548,240.12365337833648
91.48459,36.239388,58.058834,63.226433,395.87736747469955
1.3094457,66.35374,17.803596,96.10703,450.39107880753164
14.866273,41.462414,8.534967,99.68742,402.87801269865736
50.2195,59.5385,6.7076473,74.99605,378.84917185652625
20.990559,89.80543,20.513964,19.068771,272.1069357230194
3.6549668,47.206696,56.484116,6.5708637,207.93427946502888
77.55276,45.328884,52.43903,44.076275,349.3574859037363
40.076305,55.964035,15.524025,18.192812,201.41739500594906
86.178566,94.61154,37.330933,27.074469,364.41202257291184
64.39995,40.873417,2.5386355,15.615259,163.2014884492478
71.59722,65.892395,2.7095993,22.197216,233.4167519434178
23.10748,67.18928,1.9710537,10.410858,182.65128772821683
79.99161,17.854465,65.274605,23.81828,241.4301111559357
9.9441395,24.317219,72.22669,85.56964,429.48073688200174
83.02199,39.718353,66.80852,20.498428,288.60850469046795
29.314774,89.63358,1.3001924,8.550854,222.59027493831732
20.788626,2.6532202,18.143543,58.304153,222.96346830390334
42.142452,89.26717,81.744354,34.181736,430.29683610616155
25.942343,37.969242,59.029495,26.806364,255.05324839955253
62.41489,40.941162,55.20472,43.61265,322.65371602338394
29.446575,94.84533,76.36058,14.011317,361.37948484609825
86.8468,48.74312,89.45522,79.98552,519.3572528881148
42.52135,2.2469308,26.867735,54.16342,229.24170397080616
63.347824,25.788769,13.935608,83.49303,346.74898975701376
98.440216,52.56902,17.167929,27.230734,257.7881238739958
1.8390676,91.429886,11.775108,57.651646,374.02704730312183
27.405521,55.4178,65.142044,82.974174,470.79562217368334
20.642128,1.0995829,13.688562,90.00186,312.9213656691053
87.38901,59.741314,60.051685,66.50367,445.8357463231613
17.537127,91.44119,41.877052,38.313854,371.9360272638669
51.89177,4.6965966,16.628338,73.80336,289.13721593226643
8.279867,60.31521,24.53491,38.92956,289.71863788727023
28.869373,35.567272,71.90459,29.71217,280.5406349543927
56.640465,47.60504,66.36711,93.682976,506.587030076101
73.25721,21.494038,3.1183136,26.226404,165.8221599402901
59.507793,5.1425815,49.636623,59.684284,294.5242531401883
33.42439,77.091225,10.659825,7.5137777,208.93147894985816
72.81888,49.549133,68.84024,43.482735,371.3961550236721
24.640203,81.91023,79.94159,69.46965,491.8006836364016
27.214516,59.023064,36.09739,9.158208,216.68444107824286
91.73135,13.681863,95.023735,44.600574,350.19763146166923
18.513294,54.190094,87.294586,73.22249,467.1338108188431
80.65612,65.878334,69.22765,84.91956,540.9191864668791
24.9668,48.942497,22.120943,98.7668,436.4755496326097
94.40593,3.942681,70.55752,92.52483,436.4837045273311
18.057533,56.794525,91.54883,3.3945978,280.08261392313307
69.74203,29.734901,92.43962,97.10583,520.1574424991882
94.42665,47.42142,86.20427,84.45494,521.9767795423486
31.910048,82.89155,3.7007635,59.62699,365.435099933627
23.000885,12.056688,7.69532,69.628876,260.24709892431963
33.987495,72.47668,6.5356345,31.529034,267.37665902114156
53.94913,79.07231,31.87525,62.589138,414.2363361548637
88.59778,61.58632,23.295948,2.4400783,207.07484444022342
87.00989,2.1269412,87.47017,52.893715,334.60846098823583
93.90677,79.87833,99.79341,35.071182,461.22760326997854
76.718834,40.193092,47.987564,62.75055,381.10782547088354
87.367714,98.40835,76.82734,41.776676,483.1626230177211
42.1357,73.75823,23.877714,11.047411,228.6630625676486
35.462215,28.723898,29.630814,23.360775,195.02714817510898
4.209319,1.7873936,98.77224,42.777313,283.43258299951435
38.432663,67.96473,21.825388,94.99612,479.79488313836015
78.6345,8.9411,41.75808,87.911835,385.7930741559846
94.4732,46.74015,61.341137,16.703394,288.34542094102255
99.11686,23.167171,94.27318,64.96466,434.5292597603756
60.773678,51.268852,23.06698,17.652803,227.21455773609188
22.04862,18.643826,77.95845,35.012524,272.8984541078233
5.7842674,96.91026,88.37859,92.77522,607.1166249396605
99.490776,17.389526,39.624203,75.82385,382.79448561395316
69.60206,15.38959,81.58331,22.444057,259.73253912702444
22.381762,53.69744,59.29399,58.00862,384.4213344097096
9.148684,87.746086,26.560005,12.951491,252.37946424543333
88.87481,95.565155,86.21276,80.95161,601.3001611314323
65.5242,55.085735,8.698676,40.84532,279.98112501813114
37.268852,25.97538,72.34201,49.587574,328.5885679029037
8.104622,22.01832,68.325874,7.6130857,170.34640988003653
85.12069,49.514652,48.05866,59.240776,392.10487687696656
82.4681,34.78092,67.80161,56.573193,390.1610301480305
26.702827,87.863,79.74261,65.845184,509.70388004853277
85.058174,86.729416,70.836296,83.70133,567.6413319629551
69.74715,68.01408,61.86114,75.27167,488.95090923342593
15.86051,88.087074,87.18435,2.9247284,319.63025792776847
82.58167,12.886986,33.511887,74.35083,338.4466322538947
16.075989,81.7967,83.21342,50.746773,446.62375516794555
0.6385872,28.703815,61.69269,98.118614,442.23356774127683
63.18135,25.98036,63.400574,53.998535,334.37218080614866
77.98454,10.698064,76.10279,54.126656,336.28430349670595
96.2992,34.187214,63.262188,93.20281,488.222718651701
10.250973,93.72285,68.78857,6.7837057,301.4579201242074
30.096357,70.81721,6.73506,58.21705,351.70120045453956
34.588306,62.091553,4.5742035,87.15368,415.2434393355365
97.3489,96.88779,74.96519,13.008624,392.0422024300625
75.82632,2.4586916,2.2123551,32.361023,143.32624246549986
48.86432,77.04074,68.32954,44.59027,408.9204758220059
27.362665,99.71245,42.618134,45.138702,420.92813831483556
16.362383,79.48095,69.368225,22.076962,346.9127740402718
8.238105,68.049934,65.45112,27.325953,321.15694276232637
95.08636,15.10579,43.233482,94.36159,430.807411521708
41.972733,63.852596,39.759438,27.421518,291.47170977357587
98.397766,40.9334,89.40992,22.99546,327.4833039579641
21.31047,3.113408,65.16668,36.852634,223.13085507900985
86.43582,47.32099,96.81934,18.552551,339.4062218651098
86.86232,77.65968,77.092186,84.478325,565.5509918750328
76.1024,62.622036,13.124488,3.252618,191.64658651809825
92.084785,61.665035,79.653725,48.152237,432.8527861480013
11.730819,12.518579,68.556526,43.03059,262.42473959075085
20.052473,49.159454,6.420894,58.19714,292.8291940638155
26.899342,79.755905,31.036196,45.522015,350.7787922949701
1.1620541,7.244689,39.249355,47.993885,214.34100568014156
60.002052,29.166258,69.498184,86.01224,444.19463238243765
77.98509,3.9618824,48.050697,10.493018,155.36048277772787
24.204502,98.66626,14.249555,49.888817,369.9472901931421
61.81557,70.2465,55.96487,0.97708476,264.04730962674086
32.646133,51.771164,8.78665,35.062695,245.16520645897046
3.320311,7.8578496,39.692326,13.271575,115.21816200649315
56.75408,68.946495,80.05867,20.015026,333.38745176789473
16.748259,10.456784,63.64303,70.647575,334.88839347922607
3.1586144,93.62122,5.1971283,54.129635,358.6854268498059
70.90605,87.09691,71.40869,80.172806,552.2253292128554
33.94502,81.48251,8.011485,89.48167,457.82365778681816
54.75924,81.729774,45.231827,64.35777,459.4111993829886
52.640266,73.15895,8.162998,6.035208,206.3127949911962
24.710323,15.954468,87.17835,21.9214,236.17301683045326
97.586525,33.68958,18.21179,78.96985,372.4116623551478
65.87078,49.819572,55.536354,71.92018,430.0045008142949
22.845474,99.63339,97.47932,65.03257,550.9389416891853
19.954245,68.02283,7.2198405,3.0652502,168.5292900041994
25.76829,46.2623,86.82725,72.71691,451.12377044106796
74.27065,42.54933,34.5935,37.103878,287.99334992759054
98.76495,4.010919,86.70315,57.86754,370.73744622569177
43.86154,72.525764,48.666893,87.34232,506.0871181493307
90.07019,42.172092,27.682777,59.23503,348.36807797115864
91.236336,21.06622,62.296658,63.15602,369.7479134162179
73.3113,13.156769,71.5825,90.90325,441.2693076689444
17.968311,23.754333,97.13951,18.097696,262.398382784917
85.43851,49.227787,24.723108,87.07499,436.34789932297787
44.530525,51.481735,35.92334,59.29509,357.2251369824999
16.352386,39.108154,96.94123,25.813345,309.5003742750304
65.67367,32.519005,77.34731,13.087366,250.64899224395015
96.9821,45.378952,23.605045,7.349674,189.84322340804044
16.97579,51.977394,33.700317,82.888336,413.27304512551024
43.088753,24.871428,61.7145,70.67772,375.58713101962934
16.704191,16.76192,3.6671426,73.640205,270.7984740756985
66.380455,47.463085,84.417046,80.56702,493.77499163186667
58.53544,86.827126,20.584122,11.191962,273.47812993156526
26.97496,5.7086854,53.116955,93.66057,381.17808177753454
3.934354,12.210991,45.219906,93.387505,382.9417321818082
31.615612,50.72348,4.1572857,14.83432,159.2554697946087
98.66302,96.51187,0.49399808,95.18118,530.813620830597
63.91199,86.79183,45.473988,51.559605,430.8065967720081
48.88466,66.686424,13.965125,2.997359,183.77715850795184
30.792994,70.46807,20.185345,67.34324,390.76235054868005
96.9912,9.390072,67.26021,44.375023,307.6887310441133
86.814224,17.71498,69.262596,83.81153,423.0814636645578
94.461426,68.32481,49.717476,61.784725,446.32445401792285
86.8905,57.060974,3.0387058,93.094864,428.94349697256837
68.952675,67.65134,21.567514,65.88855,394.96760493746206
39.38644,65.1233,10.659303,65.78453,371.42818045731724
99.941376,4.821204,97.717415,40.690796,325.35268651272725
87.07535,78.23855,56.701626,73.844925,500.7325899240489
87.851555,40.414032,32.703316,66.75934,373.0971643824203
80.78459,76.22851,79.781364,43.55833,453.535881788474
81.78342,12.0209055,54.44891,0.57586604,139.17606142021987
32.458584,36.646156,39.61727,69.54672,352.33112744375643
38.85581,44.86936,23.754414,37.32518,264.26096212683564
22.726963,7.3195925,60.344856,66.82127,326.27227636612616
61.94903,46.349403,37.978577,86.33337,439.12414026526733
51.908176,47.91819,2.5642066,34.124783,221.81586014459336
38.01956,39.88228,58.017235,53.360252,356.36013791920203
60.79051,76.48833,81.29857,71.81231,528.7288647907773
95.55237,1.8232582,19.577799,0.75628746,86.4529929954518
64.74747,89.803055,24.348228,92.70345,522.5505370834379
6.026739,93.4436,35.16227,10.142083,272.82507424307545
48.587177,25.677658,28.48729,30.728996,209.7650330908696
80.30259,53.916126,31.13077,61.03338,379.43410271448414
71.61507,27.262398,41.354908,12.18861,196.18551866526604
18.114935,68.111786,18.143835,52.516342,334.44289209045263
70.904625,10.687693,56.731224,25.656277,213.5064759383184
96.29269,48.354565,80.59925,55.022655,437.7048089102539
4.3412533,63.315136,95.140335,60.16118,453.56059478209704
81.918884,88.42065,22.807976,21.204483,319.06148864726333
61.0981,41.102848,83.98613,90.00231,516.0735490229555
35.34214,23.687056,78.05255,27.480602,259.00789465086973
82.26143,42.373825,66.75499,9.553532,254.49231986037393
62.385933,45.17677,58.660847,16.801422,257.28477436234454
73.68738,86.27971,21.67398,9.571455,262.78915135950086
2.3638585,64.19715,60.709404,54.669743,386.3831165384152
23.19471,39.0906,59.447636,49.676685,340.53782426182835
98.77855,13.643975,69.51445,40.431877,293.04414863098685
42.81996,71.75978,69.243614,99.1256,566.0103498744402
12.839429,10.410965,72.43388,57.83869,312.6112534937332
27.416065,7.9419365,8.565825,89.41908,311.3132975024215
19.186731,32.337154,22.66564,35.49963,214.1993743858588
6.942384,51.90598,6.7612567,80.03565,351.035931122224
23.371208,54.001194,88.00791,65.08774,448.12700744516957
53.29578,32.433376,33.30019,66.94869,338.5271847535922
99.41394,66.18392,55.778343,73.06505,473.98789147510723
46.52056,6.014234,56.22968,95.76253,412.89382902249054
17.530294,69.00049,20.093369,53.58277,342.446409079679
9.6676445,45.037094,75.61633,34.757153,312.86227827292726
66.49117,79.545,92.71778,23.464209,402.9502440464973
39.93159,15.241602,99.24835,92.700096,482.79340402842155
53.995712,84.20332,52.095802,62.35857,461.745630168656
8.912443,75.52704,12.771349,82.606766,427.0076976370878
78.202805,70.87447,3.6160378,30.312836,275.7254796206307
26.311258,36.01364,8.764275,93.695786,385.9766057045885
55.380226,30.552431,39.69815,44.720253,284.10688883474154
60.059433,51.567944,91.9392,49.696346,421.13371186646685
99.2158,85.142494,20.851051,93.059525,523.9977170173773
11.636641,81.74497,38.06233,87.79743,491.2288161367429
86.80567,80.592545,79.003044,30.467913,410.33644123284023
8.0919285,40.29802,17.352451,69.49511,315.9645922267325
34.609974,97.56102,64.097206,82.248055,551.240138459982
13.252467,86.20145,92.27572,48.706192,458.2301046373789
60.62529,76.48098,17.483864,50.25661,370.8940901693817
39.866302,14.637399,36.753445,6.8172307,131.44649786121155
2.5811906,13.516628,96.31151,54.952957,347.25180088962753
96.582214,43.24979,31.181612,50.614185,327.2911645506597
43.951168,10.566468,64.082634,21.603819,204.40018354447633
61.958797,65.02011,15.202485,6.1349626,195.7607028407764
78.07616,45.98004,5.8163795,99.48663,434.70417331909283
5.778056,69.503525,98.3679,23.91801,356.6113304149484
14.224937,12.1384945,30.327515,10.104581,113.39239329880937
69.21613,6.22918,50.94221,99.669685,420.50765165831933
81.397026,61.521942,30.62536,62.389584,402.19107879737635
52.704144,42.608337,13.071038,88.660416,400.177190141302
44.978462,19.462252,36.775936,41.412975,252.33475259841458
82.75379,73.361435,76.93049,1.1031264,299.4076494897701
41.6154,48.134415,1.9192276,25.981321,204.19548870869963
76.028984,13.710971,53.531013,21.520187,216.02572241840988
1.2120775,24.120146,97.58738,80.15371,430.8216434075211
95.957664,48.785404,10.973619,54.79595,331.43358538353766
45.437733,84.43571,9.808258,48.824112,354.45574922919366
15.004866,32.46759,73.73571,47.601814,324.70923735257674
37.58883,39.447628,45.944675,78.501656,397.99198638349935
89.20847,95.53346,78.69034,31.54069,444.7331880943166
68.81348,43.76031,25.467062,84.08716,422.63849529338273
3.8426352,90.1762,46.147747,63.72015,442.6592063311155
65.935394,89.51178,63.66697,61.393356,495.58246397250105
6.6652036,51.8408,15.0169,73.74338,346.81518692955285
51.222195,68.02277,4.16729,8.479202,189.44591959506369
71.63234,7.2084336,7.125673,1.2108475,69.96400882408174
95.65014,73.75084,35.325138,29.653559,330.52726542661736
34.97032,77.465355,66.13706,18.519556,325.10404590656736
17.410934,9.839565,66.03027,76.43726,356.9119583444237
26.504642,2.094496,8.217167,96.786,320.6819240443565
29.54448,76.92232,62.46636,38.193966,376.00284900460673
20.568727,12.138641,61.501293,77.46338,361.1828342570421
64.39043,53.030212,4.1951222,96.84888,438.55924948221406
79.87142,29.282204,97.99703,60.188156,429.7333073562029
58.242268,74.80732,81.17698,65.64786,492.5158051754109
12.809574,33.82675,92.808365,22.461561,279.234742088481
37.2167,43.207687,43.9405,61.29396,360.79015952422844
94.30759,24.069271,12.150138,19.74705,177.231933447635
88.69249,64.58108,28.59068,81.594696,454.3142000570478
86.13699,84.651436,91.892654,25.224102,427.6400594138704
75.504196,46.053947,84.19986,72.84907,464.8158439679697
77.644745,65.61619,17.742876,54.50269,360.41179853373933
98.46697,93.73881,4.3173733,16.481482,302.1204268806049
13.172876,72.59799,81.778534,21.351137,333.7641985230301
50.58527,84.0703,73.28016,54.22372,461.853012458089
59.03477,50.836056,29.754845,56.502197,349.1485180484893
68.888535,87.33229,63.62913,76.11215,525.1750305098893
16.007164,46.155746,0.9331619,24.667887,172.55470019237168
72.64617,99.181,9.9178095,40.149433,372.99230700626816
80.007095,20.403564,55.508495,73.30713,380.82338277327176
61.598545,18.802473,35.538456,78.37918,355.6695763334764
55.422653,0.5229614,76.099075,3.5311356,157.22019612970018
74.57338,20.248055,95.80735,36.794075,333.9837985329172
32.69316,14.888805,30.560421,87.66508,356.2941749892895
99.63343,36.83095,44.861065,72.20709,405.6958680958373
88.619576,59.304436,39.15257,41.262184,347.2843876075948
69.56181,0.32182637,61.95893,35.5493,234.39220085731372
79.41973,9.299064,58.820225,48.09729,293.11922824494144
64.23255,6.485359,57.99838,56.148457,298.04527761855076
56.066013,60.348766,67.6468,80.4989,490.784603858571
26.982073,82.504944,49.825565,7.7058277,271.4069615255212
5.855093,33.423832,78.4897,70.7681,399.6390183464532
78.861496,51.726906,44.019897,14.745254,249.09515742501983
32.819275,43.401936,8.860043,22.061195,177.11693205583066
59.82253,73.566315,99.834755,93.31133,608.0233472431831
64.256516,42.124805,63.617737,78.56516,448.5636683617102
11.833619,40.99049,83.980225,38.383297,332.93237404583664
57.18723,58.77694,18.447626,36.22354,280.33393514040574
33.451126,2.6196709,2.4191763,83.16971,277.1430474373088
27.307081,51.807873,29.872557,94.067924,447.03587873050895
25.929674,42.96568,87.273026,84.19335,484.60967226181424
18.610142,80.26433,45.81869,48.296886,379.32412416411427
13.347997,8.060151,72.79393,49.646114,281.6703708781528
43.68507,72.95082,76.551285,15.890818,332.06426227128895
61.022514,13.535409,75.137505,65.69552,367.4107702642272
95.66146,6.8958015,5.705472,28.218708,144.40428163001957
26.17057,24.69788,90.62546,24.95462,274.0855291745549
27.194973,75.93983,44.973984,77.67106,477.0139491422987
6.536616,48.75712,3.36136,6.265321,122.82035571920336
90.643745,13.924538,53.24207,41.10956,272.72234644431717
34.734333,89.98333,2.1823397,66.37897,401.61100549386947
96.33945,56.01682,93.68225,5.225788,317.9660048218641
41.879333,26.01578,73.08209,98.12971,482.94716581731643
25.653008,65.417465,19.809763,56.533028,336.6858179118618
46.39325,97.20053,60.852726,34.950638,417.3855999933437
11.409578,15.124683,22.531693,25.096666,147.99379731797606
85.06161,56.12228,52.33909,11.476887,267.0039279598285
86.01397,72.28143,6.766836,70.78351,411.7640542653897
54.35382,8.172534,45.830067,48.46963,262.8232517634605
16.577454,94.56982,84.997536,66.90223,529.9929245563923
46.229557,41.176556,65.09734,54.543186,361.0283726779126
6.2273107,51.250267,80.640366,45.92399,368.44750113885556
5.1956577,78.627815,20.13638,25.862083,267.3208440842124
16.470634,33.021507,75.67515,51.938587,343.9711820135151
20.488129,87.78301,87.95818,87.05784,579.2868833925085
23.87962,45.123936,98.49896,77.20125,480.78864101304
2.716742,6.520459,46.39314,90.92202,362.71360340350407
53.87018,49.78125,10.54737,65.67801,338.93407133356646
82.21031,38.042,77.56119,96.44766,517.2761707252716
20.376646,52.332962,28.713795,79.285446,393.81363123772945
57.75934,63.45824,79.79141,39.597046,395.1678876465524
91.50901,53.302883,15.795483,69.58991,390.96931610898525
79.32613,31.676167,85.717926,90.61433,506.45071512396294
27.690449,98.35214,14.071153,20.201567,288.00824889923354
18.422485,89.39897,65.42925,15.210429,344.2103123763632
44.03234,61.529804,8.346409,88.24164,423.6441890548899
80.36035,50.520676,96.71266,41.776096,417.9957586216357
98.411026,66.792,63.46713,16.59549,327.0181001953951
88.19277,42.74897,16.223341,1.260752,160.37838985145694
55.975567,52.73996,71.93536,89.02581,512.6455236749358
7.940658,73.14965,18.741196,85.8177,441.92550725017753
81.90635,54.079376,71.024284,31.435009,355.2402106675161
47.11679,82.16369,45.92652,35.779827,368.47603626989616
49.421246,82.82493,33.520805,17.37616,291.194707945592
71.2014,82.597824,10.063748,23.987411,284.99548731951654
14.197199,34.79414,45.035095,74.88263,370.55045820591783
65.11476,62.092857,35.237495,84.14475,466.699240215221
47.128716,97.91049,63.414215,12.626473,351.27250489455446
67.61776,32.510403,68.63272,6.964115,227.9969718891188
17.488144,85.57373,22.717957,83.70412,472.3438942743059
27.92761,64.28819,69.415054,51.26548,395.8776239202579
30.531067,21.264439,3.3189356,30.39464,149.77212255523736
65.31628,93.83048,87.12045,76.606476,580.1173385726609
78.844734,66.49849,26.028687,90.719505,485.1589434678991
67.073235,56.044067,11.098947,44.705555,293.7669964741335
46.035828,86.45636,54.66482,38.040054,398.8090480623045
97.68003,11.072059,42.254845,4.2024674,149.09413496677195
73.99041,91.807655,28.003735,85.83417,520.3158875849537
29.221825,91.07702,75.396194,80.49068,544.1517512087823
1.8006556,96.28104,72.6671,30.47511,387.3092876170812
82.93946,28.15212,87.27538,11.2580385,263.86622789203403
70.3686,54.069847,9.653447,24.189383,219.70933632235082
1.2404037,46.876797,30.126528,59.83575,324.1340183470485
29.723782,29.991909,74.31932,4.8142834,199.97677838556027
90.2895,85.22639,66.780464,59.322155,509.95014502375494
89.230255,18.533018,7.8969164,23.951015,176.9191588897993
79.457825,3.4670267,58.28068,99.54375,431.8079646146999
85.56961,52.14457,6.364091,83.13735,405.50044999710906
59.89785,11.4932995,9.385729,90.962685,344.8800682145414
66.92002,82.92868,87.89789,57.177235,511.21178590115267
51.744633,43.04274,31.69466,43.4596,281.68845578703866
77.38796,60.19234,89.25233,44.338,417.0393140794766
60.708958,63.130753,59.169716,70.26338,453.05053153863435
23.743347,51.236378,10.42248,38.451134,248.24523088461933
48.766705,65.22243,95.05311,60.06511,480.08757840175673
74.35939,50.626606,63.4104,7.0932217,260.1770280512864
25.439157,36.18531,47.249336,4.5648746,163.6603563523141
14.00241,27.68143,97.15327,33.1347,295.91735807773375
48.204105,19.609772,61.078007,28.068321,243.43364092279978
20.699259,51.657265,0.5505799,0.76640326,112.64825661124804
21.906881,3.6721363,10.802575,33.886066,126.06735071711931
80.25857,57.204865,51.266773,29.348883,320.2111585735469
93.17537,39.701504,8.709276,61.70665,328.14043898796837
11.38384,34.522312,50.741196,87.42225,412.504796126503
49.354656,70.225876,99.281685,13.148911,351.2091101198688
27.473152,39.457607,42.18282,41.102108,278.4355496791142
90.7611,71.40327,60.79052,30.937273,370.3317785708086
82.379036,95.50605,82.11983,0.15651052,349.1106555535804
63.640137,5.113538,25.760723,5.95247,94.97223565313378
60.379547,68.65899,11.448764,38.38389,302.43898009147534
45.62365,36.905304,12.1025,41.89478,242.06891821957782
75.117805,7.100766,8.018002,35.477127,171.05911006499036
94.17258,66.85727,67.86699,36.192,386.20156471963935
59.366077,1.0131184,63.609608,91.32869,400.20228643541543
61.257343,87.36986,72.3973,12.055841,339.24654122286387
90.24533,6.6443844,53.39675,14.213713,182.0400731387629
1.1706611,42.203426,29.50407,48.60005,282.1927199355522
57.719986,4.373907,12.300329,55.86424,216.28035557514104
34.31674,72.91735,65.229164,84.56043,511.58848907481746
69.24928,42.993107,67.29666,27.538118,305.8157609443319
30.631348,78.89851,44.641953,79.83803,485.85393485182493
82.24224,85.75623,91.66352,43.098522,477.18331539506175
31.886683,58.219875,37.11724,60.107414,364.9199129044518
70.558586,68.8405,37.455288,16.68602,269.35667823323206
43.052933,14.259415,89.009705,34.587746,287.8402802461499
15.445974,2.544776,64.58224,63.69023,310.9669414800156
34.060417,7.171189,40.96289,31.121748,187.56895173365152
67.71206,60.577923,36.45937,21.789255,274.9573001724408
98.8036,45.40016,68.82742,14.055297,287.2195424132099
48.55897,2.7536721,50.545513,96.40174,394.7548732322101
38.42067,3.899601,3.0955791,38.798676,143.98386307522279
16.002495,2.3352096,75.62136,45.8523,267.7770135920604
28.924477,90.008316,11.613895,95.59189,499.80416161946505
31.396671,88.84036,60.29429,82.67074,531.920768896387
98.40131,28.840546,96.11355,38.94819,363.01980682649935
38.55119,34.03871,54.14076,15.414505,221.32521788233004
55.371147,54.170483,76.19018,83.36499,503.7303130430718
44.044132,30.233324,25.933489,19.462385,177.01148834246035
5.764758,34.244797,27.024769,96.64174,406.8435053719253
55.77088,34.727703,58.046757,13.919669,223.68214397701928
44.404377,62.62343,48.889782,40.17788,337.4073653499448
99.38484,88.03148,62.34059,56.937737,486.2809521860361
62.066048,20.13121,39.513775,3.9459534,133.54861841620016
47.554604,54.30246,22.774973,96.402885,458.1110078005285
90.94546,72.214325,53.338665,86.99692,521.7444220926833
13.065234,79.05098,12.482081,79.42107,415.47869148820246
27.576756,87.70906,94.404205,14.879597,365.0736590757011
46.26756,98.09874,48.340744,86.35475,550.476267746983
58.873154,37.53299,28.578356,20.32231,207.58540331387502
76.17982,38.65405,51.12755,49.232548,338.15350623875565
57.7279,86.55772,98.07394,40.758423,466.15265107742835
82.75189,76.45278,57.352894,95.60471,561.2638312328168
20.047451,10.926421,85.396194,43.91498,294.03763911265474
84.696884,89.30902,6.2457595,88.34647,492.6218130953638
44.831905,51.043247,62.659252,92.63826,497.9879195373682
1.9116094,47.68435,68.7722,72.2707,411.86864792680075
69.25324,13.443513,29.93956,35.87155,214.94294188768353
80.443726,27.875986,21.070498,95.7448,421.33035503033034
0.8863285,99.78209,67.68213,82.846924,553.002118064464
29.46194,1.4315277,73.78695,83.41446,376.4557531745426
74.047615,14.285029,75.34279,76.89228,410.57090696115466
65.85405,76.61159,84.59215,61.360413,495.91633355117705
8.860471,48.76278,7.764933,40.754303,235.9055050494502
40.710648,6.600984,34.882053,11.099811,117.55175430956999
80.823524,94.76881,7.2316475,95.51152,526.5097448690105
52.257656,29.956568,7.6862073,50.062424,248.81901168724588
79.45155,70.70865,5.022601,7.2901835,205.58072237123088
40.287327,29.52905,23.238432,28.100449,193.2813694148548
80.348274,92.922806,40.51027,90.6111,551.6757564691252
32.14957,47.643696,22.6029,64.04761,329.4080072704502
97.89812,60.349308,35.781406,64.781746,411.5786256013976
12.292068,88.865906,50.308395,44.934975,394.94266775863
58.58648,62.478386,7.177581,68.26173,365.3376371295718
24.193169,71.39526,82.25348,80.39585,522.0229673406867
55.250095,52.01699,14.287596,77.534615,385.86784364610656
27.14094,49.669544,28.42741,13.382835,185.8566671652316
62.95577,5.4332037,74.864525,31.75868,253.19199217892094
0.013469301,51.112915,4.6851907,27.616957,196.16521454143512
70.69765,6.2689624,83.933846,0.38199228,169.96418882309135
24.682386,74.0904,31.627014,10.189239,240.63118537560777
36.02339,27.039328,84.271194,31.334791,288.21903469186026
78.89324,89.18722,43.38174,90.994316,556.3649387978041
37.731804,96.407845,8.928952,68.70193,424.8582940980377
49.381405,38.764877,63.271187,70.385704,399.3188305302959
0.43632695,16.695309,71.30461,66.63854,338.56723729412266
96.60475,76.103775,95.07727,70.25405,553.2692947217508
29.805222,10.536491,78.18239,64.414925,344.50555905145825
4.818601,36.005047,95.67998,50.040115,362.1395701092778
43.27291,45.76996,20.888271,36.87072,253.1214458514537
36.981327,5.2355022,76.75676,41.650444,270.3945999836068
82.217995,85.0348,21.199406,65.735344,439.9592506696998
47.22818,88.01568,21.574068,67.78132,436.2630300553398
60.775215,29.530148,13.6600895,65.16398,302.0794166735101
73.85975,31.562733,64.48326,39.513092,321.17810861654954
71.32069,19.921528,89.0215,28.740961,289.3776782391011
36.7786,5.8091955,11.151221,51.586193,203.93090451277735
26.759266,83.54802,1.4693389,37.909405,302.31735341401856
33.734554,1.9327631,12.43684,41.36427,165.8854059422601
49.286457,40.428974,53.093765,59.51317,362.6687143138946
0.9923821,46.409515,96.34992,51.90323,390.908288936607
67.75423,31.186386,77.39914,77.29215,449.405474876325
52.1296,97.60139,12.555021,1.6947664,238.06952783951195
77.01582,80.71555,12.020722,26.558283,292.7943371941955
1.7552363,29.330862,77.314186,51.796055,328.9109843659008
34.80956,37.17393,0.13536257,29.980051,188.08411229341937
64.645874,97.41945,84.70608,2.3594964,363.198276656767
89.85606,78.31984,78.03761,45.799576,451.1825983558863
39.80053,30.291573,6.569486,22.823536,157.2567195297161
24.660364,48.407707,74.74444,47.380985,360.3335966818623
5.784445,95.77898,94.27244,78.51896,567.8667654880511
99.13279,54.448235,96.27684,7.5605044,330.4540791404402
36.568077,22.538128,19.58331,14.080295,128.11741960758872
62.241364,78.13219,57.829838,14.69627,326.26253220835935
81.11238,63.595467,38.81657,67.41303,432.35223853881376
25.990498,34.51922,91.74858,29.050451,312.26220019872164
46.998825,89.014114,70.77213,6.2203226,324.0321041976862
14.730305,0.78415906,63.09218,44.767345,237.12407570147946
13.427485,95.79341,52.965973,24.18933,343.1517458101889
50.060356,67.962036,7.623922,27.47038,252.177957495916
80.69655,45.966488,54.657715,43.2816,346.580884101497
4.389994,16.574978,44.554165,20.918547,171.4121542981648
4.997903,84.36497,98.119255,79.314285,550.8148018534878
85.378494,24.197712,96.0627,19.69257,292.42890952405804
95.142975,99.481926,71.17228,98.11437,646.8803447191499
56.95398,25.954178,43.69959,59.356094,317.02407522927194
7.308156,62.234325,98.11779,19.010765,335.2884722830108
79.25951,90.78988,94.370155,96.01356,647.185468263162
52.145966,97.73079,75.73102,16.167143,382.6555555683336
47.69001,71.833115,24.734032,64.061516,394.53706710528434
66.66005,16.269974,56.50853,77.16269,378.1741265631985
49.88957,1.2103117,0.90384686,35.702934,135.79476164486286
92.61941,22.867678,63.43637,22.207586,252.74432454368332
32.167,84.80421,72.88615,9.5399275,321.78164076438793
42.8702,2.9169765,48.089016,66.2434,294.49044335644203
11.850263,28.888494,39.78366,91.9531,400.8345313128992
99.3255,4.49113,76.10079,37.172405,292.58150186980515
39.24582,75.4265,91.84264,95.09286,594.2178687813831
57.712257,35.712116,78.754906,25.10014,298.69372584018066
56.407402,35.85785,65.66311,24.039892,263.58264281563896
19.159294,91.823906,10.180368,50.59579,361.07420758709384
22.085278,3.892996,3.601882,17.522177,71.3111396673517
86.67703,28.247875,95.04592,58.16223,409.50520690530925
43.66142,58.008884,51.669838,75.877625,439.28925746465796
28.249607,35.30504,89.40943,94.64565,508.7454463790991
89.25582,41.944798,78.03655,47.63357,393.2231016042857
49.753986,20.468012,59.113033,18.61359,211.53835735050637
33.15647,85.50302,20.70758,7.115828,232.32963074547223
6.900759,94.07845,50.692047,40.941208,389.4875908836853
81.08786,83.582596,33.2191,69.36181,467.13166898982115
77.11228,65.46507,15.159507,87.58831,455.868159663518
53.90946,28.247244,42.52282,3.7571092,149.28580808357285
12.78668,76.55467,0.0011634756,41.65658,280.0225928888069
52.25102,5.463442,97.307816,22.612534,250.53132626714705
30.41987,30.39425,23.041666,0.1473822,113.68453682297657
72.93448,96.684555,22.429348,66.30472,451.41389214450027
74.18964,84.84254,42.26292,30.293089,360.24290795463196
32.52951,71.26213,81.67795,18.161396,336.50537446462914
37.0941,90.194016,80.66935,98.48584,619.6446663878936
75.42483,39.319523,59.063786,66.101425,406.71569172978093
7.8455815,54.449696,70.93208,16.73213,272.32954360576275
78.06317,58.377277,95.22218,4.24223,307.34639732000596
26.532614,60.155384,29.65599,71.44242,382.84829497844595
75.90053,10.251596,51.385445,50.889057,286.23352771859925
36.928074,93.29249,82.75063,69.72093,543.3459276807303
71.43266,46.171616,92.09945,69.45955,481.55467498137216
72.89811,86.16909,27.40716,80.70709,495.5720021032858
19.52406,34.534195,33.561047,97.85255,424.8763488893993
85.653725,70.11698,72.70567,56.207283,462.6393786618517
94.70907,49.625877,38.051773,16.303534,249.81394972322735
78.62057,73.44439,38.435505,2.5193415,250.76003788770066
83.89973,1.1417983,70.36998,97.02571,449.210917697491
43.766132,23.49734,70.4871,81.712814,415.0340361429156
54.64303,96.70353,5.166872,50.47956,387.99146597503363
71.8454,86.26405,17.92556,80.00034,473.7300386708991
55.270706,39.65537,13.171503,86.52958,392.9192748032879
15.727321,30.978786,29.004553,87.1414,367.71818325329355
67.270294,79.66814,25.04679,62.48741,420.933366220667
57.1746,83.283035,90.6087,1.2156771,331.02958926166815
67.40199,5.18358,54.885864,28.763273,205.61044687729313
30.677662,35.29585,62.129246,33.405,280.43208671596096
73.269905,40.45274,6.83532,78.375984,367.9687456617298
28.575832,43.276688,68.54439,33.245617,299.1700071625013
5.6585655,37.392105,94.44486,64.17344,404.30603714106735
67.14792,63.228214,19.899214,41.833385,314.9201401919971
75.09398,10.13729,27.785278,27.631912,181.95805651041098
43.201893,98.03687,6.750254,51.870102,386.1519985283975
17.936468,97.06766,11.330351,40.3601,345.9273551810412
73.7885,70.455444,42.27286,34.652416,344.8746159881688
39.76124,26.427628,20.533293,48.30397,257.7252399626432
26.853376,28.746166,65.675606,96.85373,461.1147650312702
60.363724,7.6979465,7.5583615,95.14233,340.6101526262155
29.72908,9.206698,59.904457,62.364876,302.17141125136084
64.85048,26.740202,1.5110685,96.50153,376.36355176365356
25.089306,67.60263,70.66299,61.00074,435.0646778217724
31.29074,27.109627,59.76683,86.609566,424.1450908759386
94.67337,10.59058,15.482861,94.473625,377.475443022678
73.65353,88.299385,20.263264,58.758587,414.19934579808694
70.11396,68.011185,40.81517,1.5394892,237.7818346761958
58.292603,25.310152,45.025425,95.7581,437.936696385989
39.90353,83.98016,18.854061,67.24605,425.5714922461579
97.7007,10.18931,0.83199424,43.358276,204.9893081671484
9.262548,74.83843,91.454865,43.402096,425.50094958015114
25.871164,43.440334,72.34478,0.90541613,211.35009733147425
58.9454,61.329166,63.76882,24.202208,322.33242916774225
71.40527,9.139149,19.927034,87.74701,353.36004281407764
73.872314,1.3745553,24.837627,21.440649,134.59976962881268
27.080635,24.755978,6.2526293,45.89405,208.3661761666496
73.273346,60.673172,67.28716,8.114918,279.3956706605157
95.14907,83.84918,80.50903,82.29838,584.8273451834743
93.27105,54.425396,20.028202,61.67836,376.7148010638008
74.28815,73.79173,52.1449,6.845872,280.497641994129
37.111294,92.07666,58.444893,53.83319,439.92436317241845
26.885351,36.84489,89.53461,66.64631,419.31218729050266
78.7387,45.434544,63.024723,24.838362,303.8579570389933
70.54608,42.76013,44.25455,64.932236,384.65998179014
93.62806,6.4006343,82.47432,29.23831,273.18264876834974
44.391945,2.1913328,30.104607,50.263126,221.12496635195572
5.6176076,49.109573,92.71106,10.539322,265.3173707329636
76.44407,40.967106,65.51737,26.023659,299.07976750655985
15.949227,16.04626,7.049195,18.56467,102.16353662853781
66.421936,88.16906,81.41257,68.51343,548.1286745848711
11.043186,28.918747,30.980688,24.995695,187.66973574880382
51.500565,53.55538,35.6886,35.378914,289.627459170824
82.85556,78.92929,30.779583,91.378845,516.5353589193069
95.2815,32.67425,35.442497,50.56341,317.37851016810396
94.11208,87.63194,10.256796,39.273075,354.326843417235
55.33712,50.313248,19.386307,85.881676,420.60370012764974
67.69408,83.79084,85.87643,74.83559,555.6822029190328
43.92106,61.054676,16.036541,67.36454,366.5601640593636
17.925325,69.39496,22.959816,11.75513,226.9098908037086
16.528448,0.19921353,71.87396,73.240105,336.44045034900734
51.493336,16.13628,8.355433,1.9128968,80.13525978121167
16.574818,89.085556,24.153685,35.42713,325.9293264471512
10.534549,22.236132,51.92246,60.77527,311.7646137832539
24.53523,5.773216,39.103287,23.420338,154.28554568325504
21.95539,95.98628,61.630047,55.687843,453.0106158442067
41.57751,42.894432,54.0905,69.64298,406.7187095366782
70.214615,17.16939,50.011276,41.19581,274.5036373436752
87.0527,63.141895,53.25041,11.539464,282.3181616028638
60.56379,11.72039,33.720657,14.284197,141.64490129772074
69.20737,20.625212,39.18594,89.567474,405.0732572877678
20.431637,50.780506,41.927166,1.812404,180.53828586035323
79.27581,6.904591,47.425503,56.06783,294.56716310219116
62.842644,68.86317,25.327238,0.99787766,211.0900280942517
72.34437,53.56566,83.61177,82.13884,517.6689002590297
84.33262,48.509468,33.36284,79.15582,433.93348894617776
45.129414,18.34422,85.497406,88.25599,455.10775845728386
46.630974,7.5699725,38.782608,80.35377,332.4423963335753
90.17741,20.347275,6.697361,87.73505,365.84723809168725
38.940495,54.176098,96.80658,6.656473,301.2048123193946
64.8318,7.410542,37.546894,80.381454,360.4620048639667
43.347225,99.71824,55.905926,32.116215,395.700156786927
22.011133,35.05205,37.253326,6.871368,158.81816983137637
36.95742,46.42385,72.27377,65.67294,406.3454268942113
70.876564,0.8363682,21.76674,66.16843,271.0321642389273
48.398937,0.5313476,80.44946,77.28096,375.038264866588
54.84192,6.6463327,76.651505,58.37136,340.4221911323279
78.19599,75.1747,80.30021,51.800804,461.42703501318834
14.032452,67.115746,62.04738,74.22532,448.5488357867262
16.9881,19.49752,89.040955,74.99778,403.68756557383114
90.82285,75.87154,59.715534,65.41327,473.09015147594556
88.91279,57.880676,63.239132,15.647672,305.7749674873803
47.39212,71.63971,27.094269,20.225418,257.9677366241871
31.382679,24.150063,21.491264,42.485085,223.82591217349392
90.78385,50.705963,18.792038,7.6971674,187.69434544173464
69.615616,38.279877,82.18309,65.95108,430.89393334059804
79.624146,27.194605,69.23589,26.406199,285.4906029372258
93.90685,63.63743,32.45118,26.951185,305.5618454142102
19.092659,69.464096,21.871561,59.530323,355.55536522712845
26.463503,66.19689,81.49397,77.80253,501.11809144202334
76.08513,18.77224,8.838495,69.89488,298.61950330553475
36.834724,43.234623,3.1149094,25.957644,189.79506701242016
3.3676405,87.91858,24.339668,55.733715,374.39733660156463
3.897932,66.68474,32.302734,89.791916,456.1110907637679
88.81182,32.52906,90.09609,99.61577,529.9334861779237
82.541565,84.48714,24.900873,57.670242,417.4576634198216
6.7255917,9.491794,99.88926,32.663925,267.73068889321104
74.81839,80.666504,85.80233,99.762825,629.9008260248875
24.149649,4.035083,41.119152,13.008067,120.96106991279841
2.242589,36.042683,78.373825,56.618073,353.5937972795467
31.2778,65.4342,23.201818,1.4381446,180.69948505450867
76.43534,62.374306,76.23026,3.8938017,289.9864725575027
83.71197,61.95262,56.33953,62.461407,437.25938741177094
86.44332,58.693653,58.09504,99.06792,542.05964068229
75.67301,44.229378,70.7397,38.923046,346.7697812477526
22.887547,59.68519,92.818214,92.91395,552.264165181109
34.190525,52.767746,21.16359,99.56311,450.4770278583102
98.11179,64.9509,80.44141,71.51002,513.7093850884484
59.315826,5.3348,45.476433,67.47863,321.8277102841527
67.75316,37.312263,94.1692,16.735703,292.84359243081474
50.035946,69.0884,69.71358,64.8639,453.09765890072043
27.528822,15.620656,63.594032,59.93021,324.10538728883677
17.9356,70.513916,45.5172,66.77606,415.20642458610763
83.73671,16.972843,1.9144869,77.910255,310.82537730269314
60.96974,69.96396,83.8155,80.28109,533.0735271913757
96.09202,53.59351,48.849564,40.18872,347.7745466594437
15.369103,57.260723,27.701252,92.13075,448.1428370448567
58.31908,59.28402,35.492466,5.198935,220.57373738586404
3.1743765,42.333515,8.456538,60.684692,285.3042205867786
88.0973,88.29148,65.90454,21.123182,375.776835912443
86.29968,88.609344,19.66536,73.74261,465.33862218637626
28.651957,80.26403,99.72379,3.0026007,319.25211646819787
89.73659,62.263054,97.33826,46.50095,450.8577589805237
84.73879,6.2394066,33.527905,6.7016535,130.02854156669392
97.53431,81.697395,85.25474,93.796524,624.0183873638981
8.510349,38.559757,7.1034884,21.079311,154.1602864684425
22.936579,46.91072,26.856216,10.097811,175.75599125719097
16.74911,14.727556,97.30768,75.929245,408.1344907441542
96.776146,43.97405,27.836847,79.829315,418.60320115029015
32.625393,29.938337,23.250599,12.967898,153.79835502044995
25.646305,35.531975,67.39942,6.256484,195.67625759126796
21.050695,80.90236,14.692192,34.264515,298.6601341911399
86.46589,15.492532,8.273684,48.4538,236.65210355399208
30.241951,56.340836,80.380486,13.7148485,287.44241237354254
58.06991,50.550877,14.407879,62.399845,342.45156214263415
27.364042,48.783432,8.227232,45.958405,275.5382380426753
30.646347,82.23812,5.6978726,41.860725,313.4066917967843
45.843143,72.50061,57.42876,66.72123,456.1961495078391
77.70493,86.2203,31.38755,53.80227,416.09090354653677
84.01081,98.945114,88.951935,37.146725,485.6699582055884
19.516651,48.939255,74.16415,49.256905,368.9551362010834
48.318085,83.823044,36.14038,85.97947,504.92831326385067
40.68048,32.82331,45.39899,76.2447,377.72098140926823
12.600203,19.64192,95.14448,17.549164,241.9799594913929
56.77273,57.931446,48.96245,64.474525,418.42749580686944
22.982672,55.266224,37.217323,66.166725,378.593123890932
14.1223545,57.08774,18.527035,27.864307,237.43008365043733
21.87098,18.28378,82.5711,28.570757,255.8869005991556
92.71238,96.99265,57.126045,14.300113,372.68040940024355
37.454826,79.773224,36.73907,8.701721,260.883979571942
55.678493,84.512085,79.592636,17.512314,364.0347529921888
67.27646,22.050426,21.820753,87.40718,374.2843774849319
24.966896,26.324734,0.06533907,87.0669,321.47315730779843
79.259476,62.732895,75.02658,15.204857,320.0855681079979
45.83236,35.121937,9.377652,48.61305,254.01231536458687
92.07397,4.005912,29.14609,20.754093,161.51643376924437
23.814665,90.84346,46.806904,46.62994,397.7482651648487
76.05756,15.44922,48.726536,42.998524,276.28253261568
59.69107,99.955765,76.944885,39.78657,467.39415004384614
82.7553,17.070835,3.0463686,20.444838,137.8997281832737
34.041153,51.05808,61.512913,91.06057,476.8999056075979
50.9854,50.127567,5.024301,3.4911554,143.0332285694366
55.115997,43.81786,83.91804,16.067959,287.0449396338192
2.4971662,44.903877,23.747856,4.961437,142.12814125010885
72.45983,11.1593,60.83195,28.104977,232.2957753368003
17.349606,37.975155,80.14458,39.20936,312.4327779521343
75.076965,12.54863,77.277145,23.693333,247.6897350350567
67.73931,56.57815,92.914474,38.73225,401.0663258313772
6.6165185,1.9155486,82.68586,52.473564,291.75711127621406
77.52441,23.44256,34.508373,3.0103872,142.95004166600725
96.14923,66.78679,93.3205,26.54964,409.67126643326907
61.146362,67.85,31.75497,84.81093,458.78023718814745
94.71614,88.48551,73.90669,27.74647,424.9843958386225
28.161604,96.33603,1.0284495,71.604996,421.9889398135782
70.62461,62.268955,99.01089,31.187943,406.2282832484365
33.99719,7.89394,44.279816,26.104853,177.91975937341866
34.338673,83.45718,93.548454,18.573307,385.8240594184086
37.250893,92.86306,6.1808457,9.2360525,239.3941838295797
16.279099,59.521282,15.047227,96.80764,434.6827401592672
44.67145,50.151794,24.665863,47.096027,308.02872993244904
66.19136,75.117714,75.38681,57.789112,469.21128329402677
90.435974,81.74078,75.70481,5.560552,340.0462078954648
0.6877962,21.244726,66.35236,41.119747,271.89488994131773
40.240623,88.45869,89.55628,90.91753,598.9648575785903
31.38781,69.10558,27.163319,19.060984,254.8104623006963
18.463245,34.210762,42.99576,83.09492,388.4820752899512
11.989109,73.492584,53.145493,28.794533,318.42069619052813
49.28196,29.994207,59.608196,43.38439,304.5562495632496
16.440552,11.658307,54.66957,90.2413,376.76405792909344
34.39577,73.30001,65.866135,93.155495,538.1694134187103
82.0981,56.660526,65.70305,89.838646,529.1959772550344
39.951878,32.67947,1.0811085,82.655106,339.35280042534583
80.09807,10.445452,57.685738,46.39817,286.34985753328573
11.87091,98.05682,21.46959,6.723418,255.6393538648301
59.484737,73.886665,3.2443445,65.871765,378.5262850304115
53.229187,10.326501,17.252388,56.79743,250.32138433636646
29.63576,93.83157,81.87402,98.35672,619.360480763373
25.967085,96.97237,43.12339,34.75188,377.0282290153617
5.0349526,5.276526,69.201126,45.7929,259.98106624805405
22.652163,61.397026,25.285812,57.763176,341.45152148202044
35.92087,82.355225,82.06962,47.73504,456.7743536373282
35.08191,36.25598,80.57146,32.817947,301.7116455880019
20.905937,8.468834,46.66931,48.21321,250.18245137822024
84.09087,22.12387,38.09913,80.840576,384.100214609537
82.36236,38.461105,45.912403,30.32859,276.7442699327486
93.25549,11.864377,93.37495,68.38664,406.1288065659603
53.157215,3.265906,47.55962,40.77481,224.50031840529903
16.121881,65.64096,97.1151,56.21888,448.4731170030687
71.47533,6.845045,41.7667,11.635849,143.94711983563263
61.279583,93.84821,66.17777,7.680305,339.9572439991806
35.46662,55.066334,40.320774,83.3644,443.2293267247083
81.467094,61.1831,37.345795,25.533638,296.7573771085656
10.587432,35.48977,41.317253,67.58229,342.53438546427117
65.81599,7.0108137,39.525932,18.177887,155.27456980381908
15.681272,82.73022,4.1915216,41.918285,300.9394302355801
16.820366,87.93302,55.704052,23.138063,346.2401460878503
50.24273,73.148636,95.811806,22.044601,377.59413642774626
88.61818,93.43041,91.64205,63.541435,567.5383654790364
62.982063,40.321064,75.23979,53.129406,383.1657364860644
67.743805,42.84579,73.14964,82.44715,476.6408342119675
14.643626,83.29298,54.029655,84.46659,513.7038765823996
43.130173,37.90405,91.50607,25.116926,316.342555371412
84.421234,48.402058,51.409542,30.846828,308.11546234508893
57.304222,32.52112,3.9269414,27.199862,179.24314142184542
0.63790435,97.83548,96.57472,39.51553,459.1190183628577
72.83708,34.58061,67.109314,80.54301,449.56252934037934
94.67562,40.02123,78.329796,26.592844,329.1100218523175
99.03323,2.5769598,60.35288,65.9506,343.0728155547364
68.80456,12.038757,93.85298,18.118328,256.70868930261577
62.275337,22.267609,30.721642,54.645855,293.88470027268284
41.71934,16.02256,17.093641,41.81448,205.89522603983954
75.728294,89.79646,8.412766,39.31039,349.5656495339301
10.024556,1.659248,66.17187,60.24494,280.7288406499403
16.301912,23.381285,2.3707752,83.49472,295.8002067377297
97.46906,13.545954,23.147522,86.84095,373.01246580435395
92.64638,41.962738,5.0622473,3.9391835,149.18545525961127
57.39499,39.28951,2.8652427,58.325237,283.97616597112943
1.1302537,78.73719,30.643282,4.0258,217.2994839066739
58.83522,39.768444,97.38004,54.41987,417.98216104151544
27.523916,70.943886,27.1492,90.42433,473.28544666332573
37.4722,54.98686,5.05731,42.61212,264.56269545457616
83.23635,80.56488,22.431856,22.607908,300.484835478946
81.73053,93.03984,9.536092,45.005863,381.2174937924527
33.74543,87.06885,8.352491,21.112595,265.79126723269087
75.24683,5.129385,49.25354,44.2107,257.02729096230684
33.44012,39.457233,52.99406,16.136736,221.14877410575474
